PMID,Year,Title
42159009,2026,One-Year Outcomes of the First 1000 Patients Implanted With the Medtronic Micra AV Leadless Pacing System in France: The AV-CESAR Cohort Study.
42158995,2026,Safety and Outcomes of Intracardiac Versus Transesophageal Echocardiography for Left Atrial Appendage Closure in the Very Elderly: Propensity Score Matched Real-World Outcomes From a Large US Network.
42158990,2026,Scope and Outcome of Early Repolarization Syndrome in Unexplained Cardiac Arrest: Insights From the National HiRO Registry.
42158985,2026,"Evaluating the Safety Profile and Learning Curve With a Pulsed Field Ablation Variable Loop Circular Catheter in Procedures for AF: Observations From the VARIPURE Prospective, Multicenter, Postmarket Study."
42158983,2026,Leadless Pacemakers in the Setting of Surgical and Transcatheter Tricuspid Valve Procedures.
42158977,2026,Utilization and Outcomes of Permanent Pacemakers After Bicaval Heart Transplantation: A Large Institutional Experience.
42065126,2026,Pace and Ablate or Pace Then Ablate: Defining the Risk of Concomitant AV Node Ablation and Pacemaker Implantation Using a Probability Based Approach.
42063393,2026,Screening Smarter: A Quantitative Approach to Reduce Inappropriate Shocks From Subcutaneous ICDs.
42030455,2026,First-in-Human Clinical Experience With Focal Pulsed Field and Radiofrequency Dual-Modality Ablation for Treatment Refractory Left Ventricular Summit PVCs.
42030254,2026,"Maximizing Lesion Depth With the Lattice-Tip Catheter: A Preclinical Comparison of Single, Double, and Mixed Pulsed-Field and Radiofrequency Applications."
42021729,2026,Initial Experience Using a Variable Loop Circular Pulsed Field Ablation Catheter to Treat Atrial Arrhythmias in Complex Congenital Heart Disease Patients.
42018607,2026,2026 ACC/AHA/HRS Advanced Training Statement on Clinical Cardiac Electrophysiology (Revision of the 2015 ACC/AHA/HRS Advanced Training Statement on Clinical Cardiac Electrophysiology): A Report of the ACC Competency Management Committee.
42003501,2026,Variability in Tissue Interface Temperature During Pulse Field Atrial Ablation: Implications for Real-Time Contact Assessment.
42003472,2026,Quantitative Vector Screening to Improve Sensing and Reduce Inappropriate Shocks With the Subcutaneous Implantable Cardioverter Defibrillator.
41980185,2026,Experimental Platform for Screening and Validation of BacNaGene Therapy Candidates.
41979466,2026,RACGAP1 as a Circulating Biomarker of Atrial Fibrillation in Heart Failure: A Dual-Cohort Proteomic Study.
41979465,2026,Automated Cardiac Arrest Detection Using Wrist-Worn Photoplethysmography: External Validation in Patients With Induced Shockable Cardiac Arrest (DETECT-1b).
41966074,2026,Female Sex-Related Stroke Risk in Atrial Fibrillation: A Thing From the Past?
41953997,2026,Delivery System Support Prevents Endocardial Entanglement and Delamination During Left Bundle Branch Area Pacing.
41930410,2026,Epicardial-to-Endocardial Activation Gradients and Conduction Block During Atrial Fibrillation in the Human Left Atrial Posterior Wall.
41930400,2026,Post-Catheter Ablation Long-Term Antithrombotic Strategies in Atrial Fibrillation: A Network Meta-Analysis of Randomized Controlled Trials.
41919393,2026,Lesion Durability of the Second Generation Pentaspline Pulsed Field Ablation CatheterPhase 2 Results.
41919387,2026,"Safety and Chronic Atrial Lesion Formation With a Large-Tip, Contact-Force-Sensing Multipolar Pulsed Field Ablation Catheter: Effect of Application Number in a Porcine Beating Heart Model."
41919382,2026,Differential Impact of Low Voltage Area Radiofrequency Ablation on Recurrence of Atrial Fibrillation Versus Atrial Tachycardia in Patients With Persistent Atrial Fibrillation.
41914182,2026,Optimal Ablation Strategies for Persistent Atrial Fibrillation With Heart Failure: Three-Year Follow-Up of a Prospective Multicenter Randomized Trial.
41914154,2026,Anticoagulation De-escalation After Atrial Fibrillation Ablation: Evidence From the OCEAN and ALONE-AF Randomized Trials.
41914149,2026,Clinical Impact of Rare Variants in Racial and Ethnic Minorities With Atrial Fibrillation.
41914147,2026,Win Ratio Analysis of an Extensive Ablation Strategy in Patients With Persistent Atrial Fibrillation: Insights From the EARNEST-PVI Randomized Trial.
41884890,2026,Hemolysis Profile of a Novel Balloon-Filled Basket Pulsed Field Ablation Catheter.
41766533,2026,Shocking Practices of Pediatric Electrophysiologists: Contemporary Defibrillation Testing Data From a Multicenter National CIED Registry.
41744095,2026,NURSE-Led Care in Patients Undergoing Catheter Ablation for Atrial Fibrillation: The NURSECAT-AF Randomized Trial.
41744085,2026,Right and Left Atrial Dysfunction as Independent Cardiovascular Risk Factors: A UK Biobank Study.
41744082,2026,Impact of Catheter Configuration on the Mapping of Atrial Fibrillation.
41738150,2026,Predictors of Favorable Neurological Outcomes Following Atrioesophageal Fistula After Radiofrequency Catheter Ablation for Atrial Fibrillation: A Subanalysis of the POTTER-AF Study.
41738131,2026,"Arrhythmia-Related Cardiovascular Disease Mortality Among Asian American, Native Hawaiian, and Pacific Islander Groups."
41738108,2026,Intravenous Amiodarone in Preexcited Atrial Fibrillation: A Systematic Review.
41732864,2026,"Postprocedural Anticoagulation After LAAO: Comparing DOACs, Warfarin, and Individual DOAC Agents."
41732857,2026,Risk Stratification for a Primary Prevention ICD: Performance of the MADIT-ICD Benefit Score in a Contemporary Real-World Cohort.
41725548,2026,Distinct Subdivisions of the Cingulo-Insular Region and Their Role in Modulating the Cardiac Sympathetic-Parasympathetic Balance.
41711031,2026,Utilization of Serum Metabolomics and Polygenic Risk Scores in a Novel Risk Stratification Tool for the Prediction of Incident Atrial Fibrillation.
41636062,2026,High-Repetition-Frequency Nanosecond Pulsed Field Ablation for Paroxysmal Atrial Fibrillation: 12-Month Outcomes From the SCENA-AF Trial.
41623097,2026,First Clinical Experience With Reversible Electroporation Mapping in Atrial Flutter.
41623095,2026,Ultra-Low Cryoablation for Scar-Related VT Ablation: Results From the US Early Feasibility Study.
41614256,2026,Impact of Congenital Substrate 3D Imaging Reconstruction to Guide VT Catheter Ablation: The CORECA Study.
41608798,2026,Left Ventricular Late Gadolinium Enhancement for Arrhythmic Risk Prediction in ARVC.
41603028,2026,Population Modeling Approach for Human Cardiac Arrhythmia Risk Prediction.
41582807,2026,Phenotypic Severity of-Related Bradycardia Is Independent of Dominant-Negative and Coupled Gating Effects.
41582806,2026,ECG-Based Prediction of Shock-Refractory Ventricular Fibrillation During Resuscitation Without Interrupting CPR.
41574428,2026,Arctic Front Advance Versus POLARx Cryoablation System for Pulmonary Vein Isolation in Patients With Atrial Fibrillation: A Single-Center Randomized Controlled Trial.
41557767,2026,Editors and Editorial Board.
41527819,2026,High Burden of Premature Ventricular Contractions Upregulates Transcriptional Markers of Inflammation and Promotes Adverse Cardiac Remodeling Linked to Cardiomyopathy.
41473962,2025,"Association of Race, Ethnicity, and Area Deprivation With the Prevalence of Atrial Fibrillation in a Large US Population."
41473951,2025,Loss-of-Function Mutation RyR2-A4860G Confers an Arrhythmia Phenotype in Mice Inconsistent With Calcium Release Deficiency Syndrome.
41451700,2025,Initial Experience With a Dual-Energy Lattice-Tip Catheter for Ventricular Tachycardia Ablation: Procedural Feasibility and Emerging Safety Warning.
41451505,2025,Factors Influencing Lesion Titration in a Monopolar Pulsed-Field Ablation Point Catheter: A Preclinical Study.
41446938,2025,"Interatrial Synchronized Pacing at the Posterosuperior Bundle: Feasibility, Mechanism, and Mid-Term Outcomes."
41446932,2025,Impact of GLP-1 Receptor Agonist Therapy on Atrial Fibrillation Recurrence After Catheter Ablation in Obese Patients: A Real-World Data Analysis.
41446931,2025,4D Digital Heart Model-Guided Left and Right Ventricular Lead Placement for Cardiac Resynchronization Therapy: Results of MAPIT-CRT Trial.
41446918,2025,Dose-Dependent Effects of Radiation on the Coronary Arteries: Results From a Preclinical Model of Single-Fraction Proton Beam Cardiac Radioablation.
41431897,2025,Convolutional Neural Network Models Leverage Morphological Rather Than Temporal Features to Detect Myocardial Diseases From 12-Lead Electrocardiograms.
41424268,2025,Athlete's Heart or Heart at Risk? Cardiac Remodeling and Exercise-Induced Ventricular Arrhythmias in Elite Athletes.
41332396,2025,Thyrotropin Directly Affects Cardiac Electrophysiology and Is Associated With AF Prevalence.
41328584,2025,Demonstration of Coronary Sinus Reentry by Ultrahigh-Resolution Mapping in Adults With Congenital Heart Disease.
41328581,2025,Cautionary Tales in LQTS 2: Reassuring History With Life-Threatening Arrhythmias.
41328579,2025,Predictors of Response to Cardiac Resynchronization Therapy in Pediatric Patients and Patients With Congenital Heart Disease.
41328578,2025,Pulsed Field Ablation-Related Hemolysis: Comparison Between Technologies.
41328577,2025,International Survey on Vein of Marshall Retrograde Ethanol Infusion.
41328576,2025,Metformin Protects Against Persistent Atrial Fibrillation in an Equine Model.
41328575,2025,Higher Daily Temperature Is Associated With Prolonged Device-Detected Atrial Fibrillation Episodes.
41328574,2025,"Safety, Efficacy, and Mid-Term Outcomes of Pulsed Field Ablation for Cavotricuspid Isthmus-Dependent Flutter: Real-World Data From a Major Health System Registry."
41328568,2025,Real-Time Prediction of Irreversible Lesion Size During Pulsed Field Ablation: Prospective Validation of a Novel Ablation Index Based on Contact Force and Number of Applications in a Swine Beating Heart Model.
41328558,2025,Fetal Bradycardia Prompting the Diagnosis and Management of Parental Long QT Syndrome.
41328553,2025,Detecting Local Myocardial Spatiotemporal Repolarization Gradients With Clinical Mapping Arrays.
41328543,2025,Smartwatches and Smart Scales With Body Composition May Interfere With Cardiac Implantable Electronic Devices.
41328541,2025,Lesion Durability Using a Circular Pulsed Field Ablation Catheter and Novel Mapping-Navigation System.
41327512,2025,Premature Depolarizations and Overdue Questions: Unmet Needs in PVC Cardiomyopathy Research.
41231774,2025,One-Year Outcomes of the MODULAR ATP Trial: A Novel Leadless Pacemaker in Wireless Communication With a Subcutaneous Implantable Cardioverter Defibrillator.
41222500,2025,Safety and Efficacy of the Novel OmniaSecure Defibrillation Lead Through Long-Term Follow-Up: Final Results From the LEADR Trial.
41159264,2025,Semaglutide After Catheter Ablation: A New Chapter in Atrial Fibrillation Care?
41159262,2025,CKAP4 Promotes Atrial Fibrosis and Enhances Atrial Fibrillation Vulnerability via WNT/&#x3b2;-Catenin Activation.
41159261,2025,MEPPC Syndrome: A Systematic Review and State-of-the-Art Paper.
41159253,2025,Incidence and Predictors of Acute Urinary Retention After Atrial Fibrillation Pulsed Field Ablation: A Word of Caution on Routine Atropine Administration.
41133296,2025,Insights Into Early Adoption and Physician Learning Curve of Pulsed Field Ablation in the United States.
41118447,2025,Left Atrial Thrombus Occurring in Sinus Rhythm: Role of Variants of the Atrial Septum.
41090224,2025,"High Rate Triggers Increased Atrial Release of BMP10, A Biomarker for Atrial Fibrillation and Stroke, and BMP10 Affects Ventricular Cardiomyocytes."
41090217,2025,Ventricular Duration Map Area as a Valuable and Effective Target for VT Ablation End Point in Ischemic Cardiomyopathy: The VEDUM FREEDOM Study.
41084804,2025,HCN4 Mutation Causing Familial Inappropriate Sinus Tachycardia Leads to a Conformational Change Mimicking cAMP Binding and Induces Constitutive Channel Activity.
41084803,2025,Lysosomal CaRelease Through TRPML1 Governs Ventricular Arrhythmia After Myocardial Infarction.
41078126,2025,Outcomes of Ventricular Tachycardia Catheter Ablation in Pediatric Arrhythmogenic Right Ventricular Cardiomyopathy.
41078115,2025,Relations of AI-Vascular Age Estimated From a Peripheral Pressure Waveform With Incident Atrial Fibrillation: The Framingham Heart Study.
41064855,2025,Effect of Semaglutide on Atrial Arrhythmias Recurrence Following Ablation for Atrial Fibrillation: A Prospective Study.
41031398,2025,Modified Unipolar Return Pulsed Field Ablation in Ventricular Myocardium.
41025260,2025,Prevalence and Clinical Impact of Postural Orthostatic Tachycardia Syndrome in Highly Symptomatic Long COVID.
41025252,2025,Prediction of Atrial Fibrillation From the ECG in the Community Using Deep Learning: A Multinational Study.
41025235,2025,Inhibition of Satellite Glial Cell Activation in Stellate Ganglia Prevents Ventricular Arrhythmogenesis and Remodeling After Myocardial Infarction.
41025231,2025,Rapid Electrocardiographic Protocol for Identifying Ventricular Arrhythmias From Specific Sites of the Right Coronary Cusp.
41025224,2025,Dual Epicardial and Endocardial Procedure (DEEP) for Persistent or Longstanding Persistent Atrial Fibrillation.
41000018,2025,Intellectual and Neurodevelopmental Delays in Pediatric Catecholaminergic Polymorphic Ventricular Tachycardia: Distinct Characteristics and a More Malignant Neurocardiac Phenotype.
41000017,2025,Efficacy of Low-Voltage-Area Ablation Is Enhanced in Patients With Advanced Left Atrial Enlargement: A Subanalysis of the SUPPRESS-AF Trial.
41000015,2025,Prevalence and Clinical Course of Suspected Acute Pericarditis Following Atrial Pulsed-Field Ablation.
40995633,2025,Vagal Influence on Atrial Electrograms: Differentiating Functional and Structural Fragmentation in Ganglionated Plexi Regions.
40995629,2025,Comparison of Extrastimulus Pacing Strategies for the Detection of Arrhythmogenic Substrate for Ventricular Tachycardia: Insights From a Porcine Ischemia-Reperfusion Injury Model.
40995621,2025,Mexiletine as Adjunctive Therapy in Atrial Fibrillation Following Dofetilide Treatment Failure.
40931811,2025,Clinical Role of the Noninvasive Abdominal Fetal ECG in the Detection and Monitoring of Fetal Tachycardia.
40875405,2025,RYR2 Variants in Catecholaminergic Polymorphic Ventricular Tachycardia Patients: Insights From Protein Structure and Clinical Data.
40875364,2025,Two Different Cryoballoon Systems for Treatment of Paroxysmal Atrial Fibrillation: Results From the CONTRAST-CRYO Trial.
40874318,2025,Feasibility and Safety of Pulsed Field Ablation for Coronary Sinus and Left Atrial Appendage Isolation and Mitral Isthmus Ablation: Acute and Chronic Findings.
40874316,2025,Role of Structural Versus Cellular Remodeling in Atrial Arrhythmogenesis: Insights From Personalized Digital Twins.
40874315,2025,Relationship Between Time-to-First Atrial Tachyarrhythmia Recurrence and Atrial Fibrillation Burden: Implications for Trial Design.
40874313,2025,Characteristics of Different Ventricular Electrogram Morphologies in Selective Left Bundle Branch Pacing.
40874310,2025,Ebstein Anomaly and Atrial Conduction: Big Does Not Mean Bad.
40874305,2025,Scar Voltage Mapping in Fast Ventricular Tachycardia for Identifying Functional Substrates of Tachycardia Isthmuses: A Proof-of-Concept Study.
40874304,2025,Cryoballoon Roof Line and Pulmonary Vein Isolation for Persistent Atrial Fibrillation: A Randomized Trial.
40856041,2025,Deep Learning Can Unmask Conduction Tissue Disease From an Ambulatory ECG.
40843508,2025,"Clinical Outcomes of Right Ventricular Apical, Septal, and Conduction System Pacing in the Medicare Population."
40740131,2025,2025 International Expert Practical Guide on the Use of the Pentaspline Pulsed Field Ablation System in Atrial Fibrillation Ablation Procedures.
40718936,2025,Heart Digital Twins Predict Features of Invasive Reentrant Circuits and Ablation Lesions in Scar-Dependent Ventricular Tachycardia.
40709472,2025,Latent Effects of Wildfire Particulate Matter on Resting Heart Rate Measured With Wearable Devices.
40709471,2025,Managing Oversensing in Extravascular ICDs: Lessons From Clinical Experience.
40709470,2025,Chasing Conduction Gaps Across the Roof Line: Nearby and Overlap Better Than Appendage Pacing.
40709469,2025,Regional Cardiac Denervation Predicts Sustained Ventricular Arrhythmias in Nonischemic Cardiomyopathy Patients Without LGE on CMR Imaging.
40709468,2025,Very Long-Term Follow-Up of Pulmonary Vein Isolation Using Cryoballoon for Catheter Ablation for Atrial Fibrillation: An 8-Year Multicenter Experience.
40709467,2025,Incidence of Pacing-Induced Cardiomyopathy Among Patients With Leadless Versus Transvenous Ventricular Pacemakers.
40709466,2025,2-Hydroxybenzylamine for Treatment of Atrial Fibrillation: A First-in-Human Clinical Pilot Trial.
40709465,2025,Machine Learning Identification of Athlete Sport Type Through ECG Analysis.
40709464,2025,Reported Incidence of Atrial Fibrillation Varies by Ethnicity and Presentation in the Multi-Ethnic Study of Atherosclerosis.
40557494,2025,Race Comparisons in Patients With Cardiac Sarcoidosis: Insights From the Cardiac Sarcoidosis Consortium.
40557493,2025,Early Atrial Remodeling Drives Arrhythmia in Fabry Disease.
40557492,2025,Wearable Irregular Heart Rhythm Detection Recurrences and Electrocardiographic Atrial Fibrillation Confirmation: The Fitbit Heart Study.
40510013,2025,How a Topological Mindset May Offer Extra Control During Mapping and Ablation of Left-Sided Reentrant Atrial Tachycardia.
40510012,2025,Feasibility of Machine Learned Intracardiac Electrograms to Predict Postinfarction Ventricular Scar Topography.
40495792,2025,Prompt Identification of the Location of Gap Conduction in the Mitral Isthmus Following Vein of Marshall Ethanol Infusion and Endocardial Ablation.
40485437,2025,Minimal Hemolytic Profile of the Monopolar Lattice-Tip Pulse Field Ablation System: An In Vivo Preclinical Porcine Assessment.
40474858,2025,Real-World Safety Profile of the Extravascular (EV) Implantable Defibrillator System: Insights From the MAUDE Database.
40455466,2025,Impact of Initial Extensive Ablation on Left Atrial Gaps During Redo Procedures and Subsequent Outcomes in Persistent Atrial Fibrillation.
40433698,2025,Long-Term Risk Assessment in Athletes With Complex Ventricular Arrhythmias.
40421533,2025,Mechanisms Underlying Sinus Node Dysfunction in a Rat Model of Genetic Atrial Cardiomyopathy.
40396224,2025,"Fragmented QRS, Arrhythmic Causes, and Myocardial Fibrosis Burden by Autopsy Among Countywide Sudden Deaths."
40392905,2025,Marshall-Plan Ablation Strategy Versus Pulmonary Vein Isolation in Persistent AF: A Randomized Controlled Trial.
40391444,2025,Validation of a Novel Risk Prediction Score for Sudden Cardiac Death in the Framingham Heart Study.
40391432,2025,STAR Locally Prolongs Effective Refractory Period and Increases Ventricular Tachycardia Cycle Length Without Short-Term Scar Formation or Functional Decline: Insights From a Translational Porcine Model Study.
40365668,2025,Stroke Mortality in Patients With Atrial Fibrillation/Flutter: Overall Trends and Sex Differences in the United States.
40357550,2025,Exploring the Hidden Side of Ventricular Arrhythmias in Elite Athletes With Structural Normal Hearts.
40326352,2025,Unraveling the Rhythm: Sex-Based Molecular Signatures of Sinus Node Function and Arrhythmia Susceptibility.
40276859,2025,Long-Term Clinical Benefits of Pulsed Field Ablation in Paroxysmal Atrial Fibrillation: Subanalyses From the Multicenter inspIRE Trial.
40270256,2025,ECGi QRS-T Subtraction Algorithm to Regionalize Nonpulmonary Vein Triggers of Atrial Fibrillation With Obscured P Waves.
40270255,2025,Different Incidence and Size of Silent Strokes After Pulsed Field Ablation With Circular Shaped Ablation Catheters.
40265247,2025,Heart Rate Mystery Unveiled: Sex Differences in Human Sinoatrial Node Genes and Female Tachycardia.
40242861,2025,Intermediate Monocytes and High Levels of Chemokine CCL3 Are Associated With Increased Risk of Atrial Fibrillation in the General Population.
40201954,2025,Computational Modeling of Effects ofGene Therapy on Ventricular Conduction Properties in Arrhythmogenic Cardiomyopathy.
40177752,2025,The PARADIGM Study: Procedural Augmented Reality Assessment in a 3-Dimensional Image-Guided Modality.
40177746,2025,"The ""420"" Cannabis Celebration and Atrial Fibrillation."
40143805,2025,Novel Protein-Based Biomarkers of Out-of-hospital Sudden Cardiac Death After Myocardial Infarction.
40143804,2025,One-Year Safety and Performance of a Dual-Chamber Leadless Pacemaker.
40115999,2025,Physical Activity Reduction in Patients Following ICD Therapy.
40115975,2025,(Doubts on) The Mechanistic Role of Pulmonary Veins Reconnection in Paroxysmal and Persistent Atrial Fibrillation: A Meta-Analysis of Mandatory Remapping Studies.
40109251,2025,Pulsed Field Ablation of Small Vessel-Related Arrhythmias: A New Catheter and Methods.
40109233,2025,Reduction in Left Atrial Epicardial Adipose Tissue Following Catheter Ablation for Atrial Fibrillation.
40104861,2025,Progression of Atrial Cardiomyopathy Predicts Subsequent Stroke: An Analysis of Left Atrial Low-Voltage Areas in Patients With Atrial Fibrillation Ablation.
39996305,2025,Multicenter Results of a Novel Pediatric Pacemaker in Neonates and Infants.
39989366,2025,Predicted Risk of Ventricular Arrhythmias in a Genome-First Population With Genetic Risk for Arrhythmogenic Right Ventricular Cardiomyopathy.
39989360,2025,Harmonized Definitions and Nomenclature for Use in Pulsed Field Ablation.
39989351,2025,Oxidative Stress Causes Mitochondrial and Electrophysiologic Dysfunction to Promote Atrial Fibrillation inMice.
39989348,2025,"Subcutaneous Implantable Defibrillators in Young Patients: Arrhythmias, Complications, and Physical Activity."
39973752,2025,Characteristics of Patients With the Arrhythmogenic Mitral Valve Prolapse Syndrome and Sudden Cardiac Arrest and Sustained Ventricular Arrhythmias.
39973621,2025,Sane Approach to Optimizing the Workload in Remote Monitoring of Cardiovascular Implantable Electronic Devices.
39973620,2025,Independent External Evaluation of Pediatric Hypertrophic Cardiomyopathy Risk Scores in Predicting Severe Ventricular Arrhythmias.
39963799,2025,Blanking Period After Catheter Ablation of Paroxysmal Atrial Fibrillation: Insights From Continuous Cardiac Monitoring.
39963785,2025,In Vivo Endocardial and Epicardial Mapping of Human Sinus Node: From Electrical Landmarks to Anatomical Landmarks.
39925304,2025,Sudden Cardiac Death in Childhood: Peaks in Teenagers.
39925268,2025,Comparing Phenotypes for Acute and Long-Term Response to Atrial Fibrillation Ablation Using Machine Learning.
39895523,2025,Impact of Diagnosis to Ablation Time on Recurrence of Atrial Fibrillation and Clinical Outcomes After Catheter Ablation: A Systematic Review and Meta-Analysis With Reconstructed Time-to-Event Data.
39895520,2025,Validation of a Demography-Based Adaptive QT Correction Formula Using Pediatric and Adult Datasets Acquired From Humans and Guinea Pigs.
39895487,2025,Global and Temporal Trends in Utilization and Outcomes of Implantable Cardioverter Defibrillators in Hypertrophic Cardiomyopathy.
39851050,2025,Characteristics of In Vivo Lesion Formation With a Temperature-Controlled Diamond-Tip Radiofrequency Ablation Catheter in the Ventricle: A Preclinical Model.
39851044,2025,"Effect of Sequential, Colocalized Radiofrequency and Pulsed Field Ablation on Cardiac Lesion Size and Histology."
39840428,2025,Complete Left Bundle Branch Block WithPattern and Long-Term Outcomes.
39758020,2025,Empirical Non-Pulmonary Vein Trigger Ablation for Management of Atrial Fibrillation: Is Cryoballoon Isolation of the Superior Vena Cava the Answer?
39758002,2025,Patient Empowerment in the Management of Atrial Fibrillation: The Missing Link for Improved Outcomes.
39704068,2024,Preprocedural Screening Tool to Guide Nonpulmonary Vein Trigger Testing in First-Time Atrial Fibrillation Ablation.
39704049,2024,Magnetic Resonance Imaging in the Assessment of the Risk of Sudden Death in Cardiac Sarcoidosis: What Is Extensive or Significant Late Gadolinium Enhancement?
39698744,2024,Pulsed Field Ablation Using Focal Contact Force-Sensing Catheters for Treatment of Atrial Fibrillation: 1-Year Outcomes of the ECLIPSE AF Study.
39697174,2024,Cryoballoon Pulmonary Vein Isolation With Versus Without Additional Right Atrial Linear Ablation for Persistent Atrial Fibrillation: The CRALAL Randomized Clinical Trial.
39697171,2024,Nurse-Led Multicomponent Behavioral Activation Intervention for Patients With Atrial Fibrillation: A Randomized Controlled Trial.
39676679,2024,Superior Vena Cava Isolation With Cryoballoon in AF Ablation: Randomized CAVAC AF Trial.
39676642,2024,Engineering of Generative Artificial Intelligence and Natural Language Processing Models to Accurately Identify Arrhythmia Recurrence.
39676628,2024,Approach to the Diagnosis and Management of Complex Fascicular Ventricular Tachycardias.
39670315,2024,Performance of ARVC Risk Calculators in (Likely) Pathogenic Plakophilin-2 Variant Carriers Without Definite ARVC Diagnosis.
39660469,2024,Association BetweenGenotypes and Atrial Fibrillation Recurrence Following Catheter Ablation: Prospective Multicenter Cohort Study.
39660449,2024,Coronary Involvement With Pulsed Field Ablation and Radiofrequency Ablation: Preclinical Insights.
39660435,2024,Discrimination Between Anterior and Posterior Left Atrial Roof Area Ablation by a Cryoballoon.
39660433,2024,Impact of Age on Smartphone-Based Screening for Atrial Fibrillation: A Prespecified Subgroup Analysis of the eBRAVE-AF Trial.
39624908,2024,Inappropriate Therapy and Shock Rates Between the Subcutaneous and Transvenous Implantable Cardiac Defibrillator: A Secondary Analysis of the PRAETORIAN Trial.
39624903,2024,In Vivo Mapping of Human Ventricular Fibrillation in Brugada Syndrome: The Role of Repolarization Heterogeneity.
39624901,2024,Artificial Intelligence-Based Feature Analysis of Pulmonary Vein Morphology on Computed Tomography Scans and Risk of Atrial Fibrillation Recurrence After Catheter Ablation: A Multi-Site Study.
39611270,2024,Pulsed Field Ablation of Paroxysmal Supraventricular Tachycardia: A Prospective Multicenter Single-Arm Study in China.
39611258,2024,"Electrophysiological Phenotype-Genotype Study of Sustained Monomorphic Ventricular Tachycardia in Inherited, High Arrhythmic Risk, Left Ventricular Cardiomyopathy."
39611253,2024,"Lesion Morphometry of the Pentaspline Pulsed Field Ablation Catheter: Understanding Catheter Pose, Rotation, and Dosing."
39611251,2024,Comparison of Procedural Outcomes of Lumenless Fixed-Helix Versus Stylet-Driven Extendable-Helix Lead Systems in Left Bundle Branch Pacing: COMPARE LBBP.
39601164,2024,His-Ventricular Interval and Incident Pacemaker Implant in Over 3000 Ambulatory Patients Undergoing Invasive Electrophysiologic Procedures.
39601146,2024,Antithrombotic Strategies When Using Epicardial Carbon Dioxide Insufflation During Percutaneous Epicardial Access.
39601141,2024,"Self-Administered Etripamil Nasal Spray Relieved Symptoms, Decreased Heart Rate, and Reduced Medical Interventions During Atrioventricular Nodal-Dependent Paroxysmal Supraventricular Tachycardia."
39601136,2024,Tumescent Local Anesthesia During Cardiac Implantable Electronic Device Implantation to Reduce Postoperative Pain.
39601134,2024,Hemolysis After Pulsed Field Ablation: The Role of Dose and Contact in an Acute Porcine Model.
39601122,2024,Pulsed Field Ablation as First-Line Therapy for Atrial Fibrillation: A Substudy of the EU-PORIA Registry.
39523938,2024,"Desmoplakin Cardiomyopathy in Pediatric Patients: A Distinct, Underrecognized Cohort of Arrhythmogenic Cardiomyopathy."
39498566,2024,Atrial Topology for a Unified Understanding of Typical and Atypical Flutter.
39445440,2024,Using Atrial Fibrillation Burden Trends and Machine Learning to Predict Near-Term Risk of Cardiovascular Hospitalization.
39445430,2024,Performance of Atrial Fibrillation Burden Trends for Stroke Risk Stratification.
39440448,2024,Impact of Being Underweight on the Safety and Efficacy of Atrial Fibrillation Ablation: An Analysis From the Japanese Catheter Ablation Registry.
39440428,2024,Multicenter Hemodynamic Assessment of the LOT-CRT Strategy: When Does Combining Left Bundle Branch Pacing and Coronary Venous Pacing Enhance Resynchronization?: Primary Results of the CSPOT Study.
39435536,2024,Exercise Training Improves Cognitive Function and Neurovascular Control: A Secondary Analysis of the Exercise Training in Heart Failure With Reduced Ejection Fraction and Permanent Atrial Fibrillation: A Randomized Clinical Trial.
39429133,2024,Resuscitated Sudden Cardiac Arrest as the Initial Presentation of Hypertrophic Cardiomyopathy.
39355913,2024,Plasma Proteomic Insights for Identification of Novel Predictors and Potential Drug Targets in Atrial Fibrillation: A Prospective Cohort Study and Mendelian Randomization Analysis.
39328064,2024,Oral Anticoagulation and Factor VIII Replacement Therapy in Patients With Hemophilia Undergoing Pulsed-Field or Radiofrequency Catheter Ablation for Atrial Fibrillation.
39324275,2024,Incidence and Predictors of Pacing-Induced Right Ventricular Cardiomyopathy.
39324274,2024,Pulsed Field Ablation: The Temptation for More While Keeping It Safe.
39319451,2024,Ablating the Limits: Catheter Ablation of Ventricular Tachycardia in Cardiac Amyloid Patients.
39301716,2024,Incidental Premature Ventricular Contractions in Young Athletes: Shape and Size (of Premature Ventricular Contractions burden) Matter.
39234745,2024,Focal Pulsed Field Ablation for Premature Ventricular Contractions: A Multicenter Experience.
39234741,2024,Roles of Atrial Arrhythmias in Triggering Torsade de Pointes in Patients With Acquired Long QT Syndrome.
39212069,2024,Characterization and Clinical Significance of Hemolysis After Pulsed Field Ablation for Atrial Fibrillation: Results of a Multicenter Analysis.
39212055,2024,c-Src Is Responsible for Mitochondria-Mediated Arrhythmic Risk in Ischemic Cardiomyopathy.
39212041,2024,FABP4 Enhances Lipidic and Fibrotic Cardiac Structural and CaDynamic Changes.
39193774,2024,Classification of Premature Ventricular Contractions in Athletes During Routine Preparticipation Exams.
39193756,2024,Elimination of Epicardial Scar-Related Ventricular Tachycardia With Endocardial Pulsed Field Ablation: First Clinical Report.
39193754,2024,Whole-Heart Histological and Electroanatomic Assessment of Postinfarction Cardiac Magnetic Resonance Imaging Scar and Conducting Channels.
39193723,2024,Coronary Vasospasm During Isthmus Pulsed Field Ablation With Wide Area Focal Catheter.
39193716,2024,Outcomes of Atrial Fibrillation Ablation in Heart Failure Subtypes.
39193715,2024,Electrocardiogram-Based Artificial Intelligence to Discriminate Cardioembolic Stroke and Stratify Risk of Atrial Fibrillation After Stroke.
39171393,2024,Ethics of Wearable-Based Out-of-Hospital Cardiac Arrest Detection.
39171384,2024,Substrate Characterization and Outcomes of Ventricular Tachycardia Ablation in Amyloid Cardiomyopathy: A Multicenter Study.
39166329,2024,Clinical Implications of Atrial Fibrillation Provoked by Acetylcholine.
39166321,2024,Enormous Burden of Atrial Fibrillation in Older Patients With Congenital Heart Disease: Do Only Age and Underlying Heart Defect Matter?
39166320,2024,Accuracy and Evolution of Large Language Models in Atrial Fibrillation-Related Queries: A Patient- and Provider-Centered Approach.
39069900,2024,"Single Construct Suppression and Replacement Gene Therapy for the Treatment of All-,-, and-Mediated Arrhythmia Disorders."
39051118,2024,Evaluation of Ablation Parameters to Predict Irreversible Lesion Size During Pulsed Field Ablation.
39051111,2024,Direct Comparison of Methods to Differentiate Wide Complex Tachycardias: Novel Automated Algorithms Versus Manual ECG Interpretation Approaches.
39051110,2024,"Mapping-Guided Ablation for Persistent Atrial Fibrillation (MAP-AF): A Multicenter, Single-Blind, Randomized Controlled Trial."
39041221,2024,Mechanistic Insights From Trials of Atrial Fibrillation Ablation: Charting a Course for the Future.
39034928,2024,Multicenter Prospective Randomized Study Comparing the Incidence of Periprocedural Cerebral Embolisms Caused by Catheter Ablation of Atrial Fibrillation Between Cryoballoon and Radiofrequency Ablation (Embo-Abl Study).
39034923,2024,Arrhythmia Research at a Tipping Point: The Need for Disruptive Science and Technology.
39022823,2024,Heart Failure Events After Long-term Continuous Screening for Atrial Fibrillation: Results From the Randomized LOOP Study.
39012930,2024,"Distal Ventricular Pacing for Drug-Refractory Mid-Cavity Obstructive Hypertrophic Cardiomyopathy: A Randomized, Placebo-Controlled Trial of Personalized Pacing."
39012929,2024,Sirt1 Deficiency Promotes Age-Related AF Through Enhancing Atrial Necroptosis by Activation of RIPK1 Acetylation.
38939983,2024,Observable Atrial and Ventricular Fibrillation Episode Durations Are Conformant With a Power Law Based on System Size and Spatial Synchronization.
38939957,2024,Visualizing Reentry Vulnerable Targets During Scar-Related VT Ablation: A Novel Functional Substrate Mapping Approach Integrating Conduction and Repolarization Metrics.
38939945,2024,Temporal Association Between Atrial Fibrillation Burden in Cardiac Implantable Electronic Devices and the Risk of Heart Failure Hospitalization.
38887931,2024,Sex Differences in Outcomes of an Intensive Risk Factor Modification Program in Patients With Atrial Fibrillation.
38836351,2024,Road-Map to Epicardial Approach for Catheter Ablation of Ventricular Tachycardia in Structural Heart Disease: Results From a 10-Year Tertiary-Center Experience.
38836347,2024,Sudden Cardisac Death in Patients With Advanced Heart Failure and Preserved Ejection Fraction.
38828616,2024,CMR Predictors of Ventricular Arrhythmias Inducibility Before Pulmonary Valve Replacement in Tetralogy of Fallot.
38804141,2024,Can Intracardiac Echocardiography Reduce Steam Pops During Half-Normal Saline Irrigated Radiofrequency Ablation?
38804137,2024,Women Trainees in Electrophysiology and the Effect of Role Models.
38775064,2024,Chronobiologic Analysis of Electrical Storm at a Single Tertiary Care Center.
38771957,2024,Rate Versus Rhythm Control for Atrial Fibrillation: The Epilogue of the Tale of Two Rhythms.
38758741,2024,"Ablating Myocardium Using Nanosecond Pulsed Electric Fields: Preclinical Assessment of Feasibility, Safety, and Durability."
38753535,2024,"Preclinical Study of Pulsed Field Ablation of Difficult Ventricular Targets: Intracavitary Mobile Structures, Interventricular Septum, and Left Ventricular Free Wall."
38716652,2024,Left Ventricular Summit Arrhythmias: Have We Reached the Peak of Ablation Success or Just a Higher Plateau?
38690671,2024,Impact of Contact Force on Pulsed Field Ablation Outcomes Using Focal Point Catheter.
38690665,2024,Active Arrhythmia Pattern: A Novel Predictor of ICD Shocks-A Subanalysis From the PARTITA Study.
38690657,2024,Characteristics of Right-Sided Accessory Pathways Associated With Right Cardiac Veins.
38690652,2024,"Coronary Sinus Metabolite 12,13-diHOME Is a Novel Biomarker for Left Atrial Remodeling in Patients With Atrial Fibrillation."
38666379,2024,Antiarrhythmic and Anti-Inflammatory Effects of Sacubitril/Valsartan on Post-Myocardial Infarction Scar.
38655693,2024,Predictors of Success for Pulmonary Vein Isolation With Pulsed-field Ablation Using a Variable-loop Catheter With 3D Mapping Integration: Complete 12-month Outcomes From inspIRE.
38651357,2024,Hemolysis After Pulsed Field Ablation: Impact of Lesion Number and Catheter-Tissue Contact.
38651354,2024,Pulsed Field Ablation of Atrial Fibrillation and Atrial Tachycardia in Adult Patients With Congenital Heart Disease.
38646831,2024,"Mortality, Hospitalization, and Cardiac Interventions in Patients With Atrial Fibrillation Aged <65 Years."
38629301,2024,Trends Favoring an Anatomical Approach to Radiofrequency Catheter Ablation of Idiopathic Ventricular Arrhythmias Originating From the Left Ventricular Summit.
38629294,2024,Cardiac Perforation During High-Power Radiofrequency Ablation of the Left Lateral Ridge Using QDOT MICRO.
38629291,2024,Sinus Rhythm Atrial Electrocardiographic Imaging in Patients With Mitral Regurgitation: Clues to the Substrate for Atrial Fibrillation.
38629286,2024,Prognostic Impact of Sinus Rhythm in Atrial Fibrillation Patients: Separating Rhythm Outcomes From Randomized Strategy Findings From the CABANA Trial.
38629285,2024,Impact of Baseline Left Atrial Size on Outcomes Following Catheter Ablation for AF in Patients With Left Ventricular Systolic Dysfunction.
38545791,2024,Harnessing Data Insights for Improved Patient Care in LAAO: A Novel Approach to Personalized Risk Assessment at the Bedside.
38497218,2024,The Science Behind the Standardization of Chest Protectors: Is Marketing Alone Enough to Sell Chest Protectors?... Not Anymore!
38497210,2024,Comparative Evaluation of Activity Sensing Rate Responses of a Leadless Pacemaker Using Intracardiac Accelerometer Versus Traditional Activity Sensing Pacemaker.
38440895,2024,"Sweetened Beverages, Genetic Susceptibility, and Incident Atrial Fibrillation: A Prospective Cohort Study."
38440869,2024,Artificial Sweeteners: A New Dietary Environmental Risk Factor for Atrial Fibrillation?
38426305,2024,Genetic Testing in Brugada Syndrome: A 30-Year Experience.
38426304,2024,Is Seeing Believing? Adding Another Tool to Assess PFA Durability.
38415356,2024,-Mutant Cardiomyocyte Model of Multifocal Atrial Tachycardia.
38390748,2024,Pulsed Field Ablation Index-Guided Ablation for Lesion Formation: Impact of Contact Force and Number of Applications in the Ventricular Model.
38390725,2024,Differential Pacing Maneuver From the Vein of Marshall.
38390713,2024,Predicting Major Adverse Events in Patients Undergoing Transcatheter Left Atrial Appendage Occlusion.
38390710,2024,Development of the NOCSAE Standard to Reduce the Risk of Commotio Cordis.
38348685,2024,Spatially Conserved Spiral Wave Activity During Human Atrial Fibrillation.
38344845,2024,Utilizing Human-Induced Pluripotent Stem Cells to Study Cardiac Electroporation Pulsed-Field Ablation.
38344811,2024,Long-Term Outcomes of Cardiac Resynchronization Therapy in Patients With Repaired Tetralogy of Fallot: A Multicenter Study.
38318720,2024,Cardiac Pulsed Field Ablation Lesion Durability Assessed by Polarization-Sensitive Optical Coherence Reflectometry.
38318697,2024,Pulseless Electric Activity or Electromechanical Dissociation.
38288627,2024,Incidence and Outcomes of New-Onset Right Bundle Branch Block Following Transcatheter Aortic Valve Replacement.
38284289,2024,Artificial Intelligence Model Predicts Sudden Cardiac Arrest Manifesting With Pulseless Electric Activity Versus Ventricular Fibrillation.
38284286,2024,Long-Term Durability of High- and Very High-Power Short-Duration PVI by Invasive Remapping: The HPSD Remap Study.
38284238,2024,Conduction System Stimulation to Avoid Left Ventricle Dysfunction.
38284234,2024,Learning Before Burning: Mapping With Reversible Pulsed Field Ablation.
38275121,2024,Left Fascicular Ventricular Tachycardia: What Is Forgotten in the Differential Diagnosis?
38264885,2024,Unraveling Complexities in Genetically Elusive Long QT Syndrome.
38258308,2024,"The BLISTER Score: A Novel, Externally Validated Tool for Predicting Cardiac Implantable Electronic Device Infections, and Its Cost-Utility Implications for Antimicrobial Envelope Use."
38227681,2024,Retraction of: Systematic Treatment Approach to Ventricular Tachycardia in Cardiac Sarcoidosis.
38152949,2023,Effects of Contact Force on Lesion Size During Pulsed Field Catheter Ablation: Histochemical Characterization of Ventricular Lesion Boundaries.
38146652,2023,Effect of Flecainide and Ibutilide Alone and in Combination to Terminate and Prevent Recurrence of Atrial Fibrillation.
38126206,2023,"Colchicine to Prevent Atrial Fibrillation Recurrence After Catheter Ablation: A Randomized, Placebo-Controlled Trial."
38126205,2023,MicroRNA-1 Deficiency Is a Primary Etiological Factor Disrupting Cardiac Contractility and Electrophysiological Homeostasis.
38099441,2023,Clinical Management of Brugada Syndrome: Commentary From the Experts.
38095067,2023,Efficacy of Intravenous Nitrates for the Prevention of Coronary Artery Spasm During Pulsed Field Ablation of the Mitral Isthmus.
38018478,2023,"Genetic Atrial Cardiomyopathies: Common Features, Specific Differences, and Broader Relevance to Understanding Atrial Cardiomyopathy."
38018439,2023,Risk Factors for the Development of New-Onset Persistent Atrial Fibrillation: Subanalysis of the VITAL Study.
37994554,2023,Point-by-Point Pulsed Field Ablation Using a Multimodality Generator and a Contact Force-Sensing Ablation Catheter: Comparison With Radiofrequency Ablation in a Remapped Chronic Swine Heart.
37970703,2023,Effects of Intraluminal Content on Esophageal Lesion Formation During Radiofrequency Catheter Ablation: Preliminary Data.
37950726,2023,"Multicenter, Phase 2, Randomized Controlled Study of the Efficacy and Safety of Etripamil Nasal Spray for the Acute Reduction of Rapid Ventricular Rate in Patients With Symptomatic Atrial Fibrillation (ReVeRA-201)."
37933567,2023,Natriuretic Peptide Receptor B Protects Against Atrial Fibrillation by Controlling Atrial cAMP Via Phosphodiesterase 2.
37921006,2023,No Effect of Continued Antiarrhythmic Drug Treatment on Top of Optimized Pulmonary Vein Isolation in Patients With Persistent Atrial Fibrillation: Results From the POWDER-AF2 Trial.
37920987,2023,Ventricular Preexcitation in Hypertrophic Cardiomyopathy: Dove or a Hawk?
37920983,2023,Nanosecond Pulsed Electric Field Ablation With a Bipolar Clamp Creates Durable Transmural Lesions in Cardiac Tissue.
37877314,2023,Hypertrophic Cardiomyopathy and Ventricular Preexcitation in the Young: Cause and Accessory Pathway Characteristics.
37767710,2023,Retrieval of Chronically Implanted Dual-chamber Leadless Pacemakers in an Ovine Model.
37753641,2023,Implantable Cardioverter-defibrillator Deactivation at Distance for the Dignity of Dying (the 4D Project).
37750322,2023,Comparison of Ablation Strategies for Persistent Atrial Fibrillation: A Post Hoc Analysis of the DECAAF II Study.
37728002,2023,Abnormal Atrial Potentials Recorded During Sinus Rhythm or Pacing Represent Substrates for Reentrant Atrial Tachycardia.
37727989,2023,Reversible Pulsed Electrical Fields as an In Vivo Tool to Study Cardiac Electrophysiology: The Advent of Pulsed Field Mapping.
37646176,2023,Hypoxia Promotes Atrial Tachyarrhythmias via Opening of ATP-Sensitive Potassium Channels.
37646164,2023,Predicting Lesion Durability With PFA: One Step Closer.
37638409,2023,Nonthermal Point-by-Point Pulmonary Vein Isolation Using a Novel Pulsed Field Ablation System.
37622312,2023,Payer-Negotiated Prices for Cardiac Electrophysiology Procedures at 2022-2023 Top 100 US News & World Report for Cardiology and Heart Surgery Hospitals.
37589197,2023,Temporal Trends and Lesion Sets for Persistent Atrial Fibrillation Ablation: A Meta-Analysis With Trial Sequential Analysis and Meta-Regression.
37589122,2023,Sex and Gene Influence Arrhythmia Susceptibility in Murine Models of Calmodulinopathy.
37582165,2023,Correction to: New-Onset Atrial Fibrillation in Left Bundle Branch Area Pacing Compared With Right Ventricular Pacing.
37582164,2023,"Correction to: Orthostatic Hypotension: Management of a Complex, But Common, Medical Problem."
37582163,2023,Initial Experience With Intercostal Insertion of an Extravascular ICD Lead Compatible With Existing Pulse Generators.
37577822,2023,Dynamics of High-Density Unipolar Epicardial Electrograms During PFA.
37577815,2023,Electrical Resynchronization and Clinical Outcomes During Long-Term Follow-Up in Intraventricular Conduction Delay Patients Applied Left Bundle Branch Pacing-Optimized Cardiac Resynchronization Therapy.
37565354,2023,Myocarditis and Sudden Cardiac Death in the Community: Clinical and Pathological Insights From a National Registry in the United Kingdom.
37565338,2023,Artificial Intelligence-Enabled Electrocardiogram in the Detection of Patients at Risk of Atrial Secondary Mitral Regurgitation.
37485722,2023,Dronedarone Versus Sotalol in Antiarrhythmic Drug-Naive Veterans With Atrial Fibrillation.
37485717,2023,Catheter Ablation of Atrial Fibrillation in Adult Congenital Heart Disease: Procedural Characteristics and Outcomes.
37485688,2023,Impact of Median Sternotomy on Safety and Efficacy of the Subcutaneous Implantable Cardioverter Defibrillator.
37485681,2023,Novel Intercostal Extravascular ICD Lead Compatible With Standard Pulse Generators: Another Step Forward in ICD Evolution?
37485680,2023,Impact of Diastolic Dysfunction on the Risk of Sudden Cardiac Arrest.
37485678,2023,Ventricular Electrograms Duration Map to Detect Ventricular Arrhythmia Substrate: the VEDUM Project Study.
37357770,2023,Physiologic Effects of Right-Sided Intravascular Cervical Sympathetic Nerve Stimulation.
37339178,2023,Tetralogy of Fallot: A Long Journey but Getting Closer to Perfection.
37334705,2023,Evaluating Recommendations About Atrial Fibrillation for Patients and Clinicians Obtained From Chat-Based Artificial Intelligence Algorithms.
37334702,2023,Microvasular Dysfunction and Reduced Cardiac Stress Reactivity in Postural Orthostatic Tachycardia Associated With Postacute COVID-19.
37334695,2023,Action Potential Morphology Accurately Predicts Proarrhythmic Risk for Drugs With Potential to Prolong Cardiac Repolarization.
37334682,2023,Real-World Performance of Conduction System Pacing Compared With Traditional Pacing.
37264920,2023,Efficacy and Safety of Adjunctive and Primary Use of the TightRail Mechanical Cutting Sheath for Lead Extraction.
37254781,2023,"Pulsed Field Versus Cryoballoon Pulmonary Vein Isolation for Atrial Fibrillation: Efficacy, Safety, and Long-Term Follow-Up in a 400-Patient Cohort."
37254778,2023,Impact of CIED Field Advisories: Unreimbursed Costs to Medical Systems.
37254771,2023,Procedural Trends in Catheter Ablation of Persistent Atrial Fibrillation: Insights From the Real-AF Registry.
37254747,2023,Outcomes After Development of Ventricular Arrhythmias in Single Ventricular Heart Disease Patients With Fontan Palliation.
37246584,2023,Far From Simple: The Search for a Universal Cardiac Resynchronization Programming Algorithm.
37183700,2023,Effects of Atrioventricular Optimization on Left Ventricular Reverse Remodeling With Cardiac Resynchronization Therapy: Results of the SMART-CRT Trial.
37183678,2023,Early Impact of Proton Beam Therapy on Electrophysiological Characteristics in a Porcine Model.
37183675,2023,Atrial Fibrillation Ablation in Young Adults: Measuring Quality of Life Using Patient-Reported Outcomes Over 5 Years.
37170812,2023,Systematic Electrophysiological Study Prior to Pulmonary Valve Replacement in Tetralogy of Fallot: A Prospective Multicenter Study.
37128895,2023,Heterogeneity of Repolarization and Cell-Cell Variability of Cardiomyocyte Remodeling Within the Myocardial Infarction Border Zone Contribute to Arrhythmia Susceptibility.
37092332,2023,Interleukin-1 Blockade in Cardiac Sarcoidosis: A Pilot Study.
37082968,2023,Novel Approaches for the Diagnosis of Concealed Nodo-Ventricular and His-Ventricular Pathways.
37082954,2023,Causes of Early Mortality After Catheter Ablation of Atrial Fibrillation.
37078340,2023,It's Not a Wash: Can the Pouch Be Beat?
37073732,2023,Rhythm Control Treatment for Atrial Fibrillation Is Not Just for the Healthy.
37039017,2023,Transcatheter Leadless Pacing in Children: A PACES Collaborative Study in the Real-World Setting.
37009736,2023,Addition by Subtraction: Disease Progression and the Value of Atrial Fibrillation Ablation.
36970977,2023,Safety and Efficacy With Pulsed Field Ablation: Having the Cake and Eating It Too.
36960716,2023,Randomized Trial of Stand-Alone Use of the Antimicrobial Envelope in High-Risk Cardiac Device Patients.
36951088,2023,Intracardiac Echocardiography Guidance for Left Bundle Pacing: An Expensive Adjunct or Necessity for Optimal Lead Placement?
36943920,2023,Correction to: Association of Left Atrial High-Resolution Late Gadolinium Enhancement on Cardiac Magnetic Resonance With Electrogram Abnormalities Beyond Voltage in Patients With Atrial Fibrillation.
36942567,2023,Outcomes of Early Rhythm Control Therapy in Patients With Atrial Fibrillation and a High Comorbidity Burden in Large Real-World Cohorts.
36938715,2023,Pulmonary Vein Isolation by Pulsed-field Ablation Induces Less Neurocardiac Damage Than Cryoballoon Ablation.
36924221,2023,Intracardiac Echocardiography-Guided Implantation for Proximal Left Bundle Branch Pacing.
36916281,2023,Effect of Bilateral Cardiac Sympathetic Denervation on Burden of Premature Ventricular Contractions.
36916270,2023,High-Resolution 3-Dimensional Multimodality Imaging to Resolve Intramural Human Sinoatrial Node Pacemakers and Epicardial-Endocardial Atrial Exit Sites.
36912137,2023,Bronchial Safety After Pulsed Field Ablation for Paroxysmal Atrial Fibrillation.
36891899,2023,Economic and Health Value of Delaying Atrial Fibrillation Progression Using Radiofrequency Catheter Ablation.
36891895,2023,Ablation of Ventricular Preexcitation to Cure Preexcitation-Induced Dilated Cardiomyopathy in Infants: Diagnosis and Outcome.
36866681,2023,Novel Calmodulin Variant p.E46K Associated With Severe Catecholaminergic Polymorphic Ventricular Tachycardia Produces Robust Arrhythmogenicity in Human Induced Pluripotent Stem Cell-Derived Cardiomyocytes.
36802906,2023,Recurrences of Atrial Fibrillation Despite Durable Pulmonary Vein Isolation: The PARTY-PVI Study.
36799216,2023,Novel Ablation Strategy Targeting the Slow Pathway Visualized by Ultrahigh-Resolution Mapping in Typical Slow-Fast Atrioventricular Nodal Reentrant Tachycardia.
36763906,2023,Knockout Induces Key Findings of Electrical Remodeling as Seen in Persistent Atrial Fibrillation.
36745559,2023,Symptomatic Gastroparesis After Cryoballoon-Based Atrial Fibrillation Ablation: Results From a Large Multicenter Registry.
36735937,2023,Paroxysmal Atrial Fibrillation Ablation Using a Novel Variable-Loop Biphasic Pulsed Field Ablation Catheter Integrated With a 3-Dimensional Mapping System: 1-Year Outcomes of the Multicenter inspIRE Study.
36720007,2023,"Clinical Features, Genetic Findings, and Risk Stratification in Arrhythmogenic Right Ventricular Cardiomyopathy: Data From a Brazilian Cohort."
36716179,2023,Deep Learning of ECG for the Prediction of Postoperative Atrial Fibrillation.
36716172,2023,"To Stim and Then Map, or Map and Then Stim, That is the Question."
36706317,2023,Reduction in Junctophilin 2 Expression in Cardiac Nodal Tissue Results in Intracellular Calcium-Driven Increase in Nodal Cell Automaticity.
36696369,2023,Prognostic Implications of Right Ventricular Size and Function in Patients Undergoing Cardiac Resynchronization Therapy.
36688314,2023,Abnormal Conduction Zone Detected by Isochronal Late Activation Mapping Accurately Identifies the Potential Atrial Substrate and Predicts the Atrial Fibrillation Ablation Outcome After Pulmonary Vein Isolation.
36688298,2023,Premature Atrial Contraction Location and Atrial Fibrillation Inducibility.
36602818,2023,Substrate Mapping Alters Ventricular Tachycardia Inducibility.
36595639,2023,Atrial Endocardial Unipolar Voltage Mapping for Detection of Viable Intramural Myocardium: A Proof-of-Concept Study.
36595634,2023,"Electrophysiology, Pathology, and Imaging of Pulsed Field Ablation of Scarred and Healthy Ventricles in Swine."
36595632,2023,Chronic Kidney Disease Induces Proarrhythmic Remodeling.
36595631,2023,"Inappropriate Shock Rates and Long-Term Complications due to Subcutaneous Implantable Cardioverter Defibrillators in Patients With and Without Heart Failure: Results From a Multicenter, International Registry."
36595630,2023,Alternating Early Afterdepolarizations Underlying Bradycardia-Dependent Macroscopic T Wave and Discordant Mechanical Alternans.
36595629,2023,Pleomorphic Ventricular Tachycardia in Dilated Cardiomyopathy Predicts Ventricular Tachycardia Recurrence After Ablation Independent From Cardiac Function: Comparison With Patients With Ischemic Heart Disease.
36595628,2023,Characteristics of Patients with Spontaneous Versus Drug-Induced Brugada Electrocardiogram: Sub-Analysis From the SABRUS.
